Questions,Answers,Label
How does a Wyckoff trader adapt when volatility suddenly expands after a quiet trading range?,"He reassesses effort versus result: if wide spreads and high volume produce little progress, he assumes professional selling or buying is active, reduces position size, and waits for a clearer sign of strength or weakness before committing.",Adaptability
"When a bullish trend accelerates, how does a Wyckoff trader adjust entries and exits?","He stops chasing strength, waits for reactions back toward support or the last point of support, tightens stops under recent lows, and uses point-and-figure counts to judge whether most of the markup objective has already been met.",Adaptability
How does a Wyckoff trader respond if a clear accumulation structure suddenly breaks down?,"He accepts that the original read was wrong, exits long positions quickly near the break of support, re-labels the structure as redistribution, and begins looking for upthrust-after-distribution style short entries instead of forcing the long thesis.",Adaptability
"In a sharp bear market, how does a Wyckoff trader adapt his campaign planning?","He shortens time frames, focuses on distribution and markdown structures, favors short campaigns after upthrusts and signs of weakness, keeps profit targets closer, and reduces overnight risk because gaps against shorts can be violent.",Adaptability
How does a Wyckoff trader adjust when markets move from a trending phase into a trading range?,"He stops using trend-following entries, focuses on identifying phases Aâ€“D of the range, buys near support on springs and tests, sells near resistance on upthrusts, and accepts that campaigns may be shorter with more frequent partial profits.",Adaptability
"If price repeatedly springs support but fails to rally, how does a Wyckoff trader react?","He treats the failed springs as a warning that demand is weak, scales out of longs, tightens stops under support, and becomes open to the idea that the range is turning from accumulation into distribution or redistribution.",Adaptability
How does a Wyckoff trader adapt to unexpected news shocks that cause large gaps?,"He compares gap direction with the prior structure, avoids emotional trades at the open, waits to see whether volume confirms absorption or climactic action, and only re-enters when new support or resistance levels are clearly tested.",Adaptability
"When volatility contracts and spreads narrow, how does a Wyckoff trader change his tactics?","He recognizes that the market may be building a cause, reduces position size or stands aside, spends more time counting point-and-figure causes, and prepares campaign plans for the eventual breakout instead of forcing trades in dull action.",Adaptability
How does a Wyckoff trader adapt when a bull market transitions into a topping phase?,"He stops buying new highs, watches for buying climaxes, automatic reactions, and upthrusts, shifts from aggressive long campaigns to selective profit-taking, and gradually prepares for short opportunities once distribution becomes clear.",Adaptability
"If a bear market shows signs of a selling climax, how does a Wyckoff trader adjust?","He recognizes climactic volume and wide spreads downward followed by strong rebounds, covers shorts into the panic, and then looks for secondary tests and springs near the climax low to begin building a campaign on the long side.",Adaptability
How does a Wyckoff trader handle sudden spikes in volume without clear price progress?,"He applies the effort-versus-result principle: if huge volume produces minimal movement, he concludes absorption or hidden support/resistance is present, becomes cautious about breakout trades, and waits for a secondary test with lower volume.",Adaptability
"When the market switches from low to high correlation across sectors, how does a Wyckoff trader adapt?","He pays more attention to the major index structures, treats individual stocks as part of a broader campaign, and may reduce single-name exposure while emphasizing leaders that show relative strength or weakness versus the market.",Adaptability
How does a Wyckoff trader adjust position sizing after a sequence of losing trades?,"He reviews whether his structural reads violated Wyckoff principles, reduces position size temporarily, tightens risk per trade, and only scales back up after regaining confidence and demonstrating that his market analysis has realigned.",Adaptability
"When spreads widen and intraday swings grow erratic, how does a Wyckoff trader change trade management?","He widens stops to avoid random noise but compensates by lowering position size, focuses on clearer structural points like last points of support or supply, and may move to higher time frames to filter out intraday whipsaws.",Adaptability
How does a Wyckoff trader adapt during a strong bull trend that becomes overextended on point-and-figure counts?,"He compares current price to the upper count objective, reduces new long exposure, takes partial profits into buying climaxes, and prepares to re-label the structure as distribution once signs of weakness appear.",Adaptability
"If a breakout from a trading range immediately fails, how does a Wyckoff trader respond?","He does not defend the failed breakout for long; instead, he exits quickly, re-evaluates whether the move was an upthrust or spring, and may reverse the trade in the opposite direction once a test confirms the failure.",Adaptability
How does a Wyckoff trader adjust his read when a presumed distribution range shows persistent higher lows and strong demand bars?,"He becomes open to the idea that the range is actually re-accumulation, studies the character of reactions and rallies, and may shift from short bias to long bias once a sign of strength and successful backup to support appear.",Adaptability
"During a grinding, low-volatility uptrend, how does a Wyckoff trader adapt entries?","He stops waiting for deep pullbacks that never come, uses shallow reactions near minor support and previous backups, and may pyramid carefully as long as demand remains dominant and volume confirms the trend.",Adaptability
How does a Wyckoff trader adapt to changes in market leadership between sectors or groups?,"He tracks relative strength within the Wyckoff framework, shifting campaigns toward sectors that lead during markup and away from laggards, and exits campaigns in groups that begin to show distribution characteristics.",Adaptability
"If higher time frames show distribution but intraday charts look bullish, how does a Wyckoff trader react?","He gives priority to the higher time frame cause, trades intraday longs more conservatively or avoids them, and focuses on low-risk short entries at or near resistance that align with the larger distribution structure.",Adaptability
"How does a Wyckoff trader adapt when a market moves from clear structure into noisy, overlapping price action?","He recognizes that the edge from structural reading is reduced, cuts back trading frequency, may move to markets or instruments with cleaner structures, and waits for a new, well-defined trading range or trend to emerge.",Adaptability
"When unexpected macro data contradicts the existing structure, how does a Wyckoff trader respond?","He observes whether price and volume validate the news impact; if structure and tape disagree with the headline, he trusts the chart, but if the news triggers a structural change such as a climactic move, he rapidly updates his campaign plan.",Adaptability
How does a Wyckoff trader adapt to a prolonged sideways market in the major indices?,"He focuses on individual stocks with clear accumulation or distribution, uses shorter-term campaigns inside the range, and remains patient about large index campaigns until a decisive sign of strength or weakness appears.",Adaptability
"If a spring produces only a weak rally, how does a Wyckoff trader adjust expectations?","He interprets the lack of follow-through as a sign of limited demand, reduces bullish expectations, may take quick profits, and watches carefully for a potential breakdown that would invalidate the accumulation scenario.",Adaptability
How does a Wyckoff trader adapt after mislabeling an accumulation as redistribution?,"He studies the failed short trades, notes the presence of strong demand and lack of downside follow-through, corrects the phase analysis, and switches to long campaigns with clearer respect for support and signs of strength.",Adaptability
"During a powerful markup, how does a Wyckoff trader handle temporary, news-driven pullbacks?","He checks whether the pullback volume is relatively low and spreads are narrowing; if so, he treats the decline as a normal backup or reaction, adds or holds positions near support, and avoids panicking out of structurally sound campaigns.",Adaptability
How does a Wyckoff trader adjust his strategy when liquidity dries up in a favorite stock?,"He reduces position size to match thinner volume, widens stops slightly to handle slippage, or rotates into more liquid names that display similar Wyckoff structures so that execution risk remains under control.",Adaptability
What does a Wyckoff trader do when multiple time frames show conflicting accumulation and distribution signals?,"He clarifies which time frame defines the main campaign, uses smaller size for trades against higher time frame trends, and stays flexible to re-label structures as new information appears in the tape.",Adaptability
How does a Wyckoff trader adapt when algorithmic activity increases intraday noise?,"He trades less on very short-term charts, emphasizes higher time frame swings, waits for tests with clearly diminished volume, and focuses on meaningful levels such as support, resistance, and previous areas of absorption.",Adaptability
"When the market shifts from a bear trend into a potential accumulation base, how does a Wyckoff trader respond?","He stops chasing breakdowns, watches for selling climaxes and secondary tests, takes profits on remaining shorts, and starts planning long campaigns based on the emerging accumulation structure and point-and-figure counts.",Adaptability
How does a Wyckoff trader adapt stop placement after a strong sign of strength?,"He moves stops from deep structural levels up to just below the last point of support or backup area, locking in some profits while still giving the campaign enough room to breathe within the established uptrend.",Adaptability
"If a sign of weakness appears but is quickly reversed, how does a Wyckoff trader react?","He recognizes the possibility of a bear trap, exits aggressive shorts, and waits for a clearer confirmation through a new test or upthrust before re-committing to a bearish campaign.",Adaptability
How does a Wyckoff trader adapt when his point-and-figure counts are exceeded but momentum remains strong?,"He treats the original count as conservative, recalculates potential extended objectives using new cause built along the way, and manages existing positions with trailing exits rather than initiating fresh positions far from support.",Adaptability
"When spreads narrow after a long trend, how does a Wyckoff trader adjust expectations?","He interprets contracting spreads and mixed volume as a sign that the trend is aging, becomes more selective with new entries, focuses on taking profits, and prepares for a transition into a trading range or reversal.",Adaptability
How does a Wyckoff trader adapt in markets with frequent overnight gaps?,"He may reduce overnight position size, uses wider structural stops instead of tight stops near obvious levels, and sometimes prefers intraday campaigns so that gap risk has less impact on his equity curve.",Adaptability
"If a previously responsive support level stops working, how does a Wyckoff trader respond?","He takes that as evidence that demand is weakening, stops buying that level mechanically, seeks confirmation of a sign of weakness, and may flip his bias to selling rallies if the structure evolves into markdown.",Adaptability
How does a Wyckoff trader adapt to sudden increases in correlation between his positions?,"He realizes that multiple campaigns now share similar market risk, trims correlated exposure, diversifies into instruments with distinct structures, and avoids letting one macro theme dominate his entire portfolio.",Adaptability
"When the tape shows climactic action but no clear stopping volume, how does a Wyckoff trader adjust?","He avoids prematurely calling a top or bottom, lets the market complete the climax and automatic reaction, and only then starts looking for secondary tests that confirm whether a genuine turn in the trend has occurred.",Adaptability
How does a Wyckoff trader adapt after misjudging a spring that turns into a breakdown?,"He quickly exits losing longs, recognizes that the market rejected his demand hypothesis, relabels the structure as distribution or markdown, and looks for short opportunities on weak rallies back toward broken support.",Adaptability
"If his read of a trading range remains unclear, what does a Wyckoff trader do?","He accepts uncertainty, reduces trade frequency, sizes smaller, focuses on the clearest setups only, and keeps detailed notes on volume and spread behavior until the range resolves into obvious accumulation or distribution.",Adaptability
How does a Wyckoff trader adapt to changes in volatility around key earnings reports?,"He may avoid initiating new campaigns right before earnings, reduces size if holding through the event, and uses the post-earnings reaction and volume as fresh information to refine whether the structure is accumulation or distribution.",Adaptability
"When the broad market is bullish but a stock shows distribution characteristics, how does a Wyckoff trader act?","He trusts the stockâ€™s own structure, avoids long campaigns in that name, and may even look for short setups if upthrusts and signs of weakness appear, despite the bullish backdrop in the indices.",Adaptability
How does a Wyckoff trader adjust when a stock he tracks moves to a different volatility regime?,"He recalibrates average spread and reaction size, widens stops to respect normal noise, modifies entry tactics to avoid chasing wide bars, and adjusts position size to keep risk per trade consistent.",Adaptability
"If a presumed upthrust is followed by strong continuation buying, how does a Wyckoff trader respond?","He acknowledges that his bearish read was wrong, covers shorts without stubbornness, re-evaluates whether the range was re-accumulation, and may pivot to a bullish campaign once a sign of strength and backup confirm demand.",Adaptability
How does a Wyckoff trader adapt his mindset after a major drawdown?,"He reviews his journals and campaign plans, identifies whether he violated Wyckoff principles or simply faced adverse conditions, scales down risk, focuses on textbook structures, and rebuilds confidence gradually.",Adaptability
"During a rapid news-driven rally, how does a Wyckoff trader decide whether to join or fade the move?","He examines the prior structure: if the news confirms an existing accumulation, he may buy on reactions; if it runs into a known distribution area with climactic volume, he looks for exhaustion and short opportunities after a test.",Adaptability
How does a Wyckoff trader adapt entries when markets become more mean-reverting?,"He de-emphasizes breakout tactics, buys near support and sells near resistance within ranges, and places more weight on springs, upthrusts, and tests rather than long, continuous trend campaigns.",Adaptability
"When intraday volatility conflicts with calm daily bars, how does a Wyckoff trader react?","He bases campaign decisions on the daily structure, treats intraday noise as minor fluctuations, and uses lower time frames only to fine-tune entries and exits that respect the larger accumulation or distribution picture.",Adaptability
"How does a Wyckoff trader adapt to different market sessions, such as open versus close?","He understands that open and close often contain the most volume and emotional moves, may avoid trading the first minutes, and uses late-session behavior near support or resistance to judge the conviction of professional money.",Adaptability
"If volume dries up at resistance during a rally, how does a Wyckoff trader interpret and adapt?","He sees the lack of effort as potential absorption rather than heavy supply, holds or even adds to longs cautiously, and waits for a sign of strength breakout with confirmatory volume before becoming more aggressive.",Adaptability
How does a Wyckoff trader adapt when volume surges at resistance but price barely advances?,"He interprets this as possible supply overcoming demand, takes partial profits, raises stops, and becomes alert for an upthrust or sign of weakness that could mark the beginning of distribution.",Adaptability
"When a market shows repeated failed breakouts above a range, how does a Wyckoff trader respond?","He treats the repeated failures as evidence of strong overhead supply, stops buying breakouts, and instead prepares to short near the top of the range on upthrusts with clear signs of weakness.",Adaptability
How does a Wyckoff trader adapt when support holds repeatedly with diminishing downside volume?,"He reads this as absorption of supply and strengthening demand, becomes more confident in long campaigns near support, and watches for a sign of strength to confirm the completion of accumulation.",Adaptability
"If a campaign reaches its point-and-figure objective early, how does a Wyckoff trader react?","He takes at least partial profits, tightens stops on the remaining position, and reassesses whether additional cause has formed that could justify holding for an extended target.",Adaptability
How does a Wyckoff trader adapt his analysis when a stock moves from accumulation into re-accumulation?,"He recognizes that the initial markup may pause in a new range, treats the new structure as another cause-building phase, and plans to add to the existing campaign at last points of support within the re-accumulation.",Adaptability
"When the character of reactions changes from shallow to deep, how does a Wyckoff trader respond?","He notes that demand may be weakening, reduces aggressiveness with new longs, and watches for signs of weakness or failed rallies that could indicate a transition to distribution.",Adaptability
How does a Wyckoff trader adapt if his market of choice becomes heavily influenced by macro headlines?,"He increases attention to the index and related futures structures, shortens holding periods if necessary, and only holds larger campaigns when structural signals and macro context align.",Adaptability
"If a short campaign survives a strong counter-rally, how does a Wyckoff trader adjust?","He checks whether the rally shows shortening of the upward thrust and high-volume failure near resistance, and if so, he may add to the short on the next sign of weakness while maintaining strict risk controls.",Adaptability
How does a Wyckoff trader adapt to markets with frequent circuit breakers or trading halts?,"He reduces leverage, sizes positions smaller, avoids over-concentration in instruments prone to halts, and treats these events as potential climactic signals that need careful structural interpretation.",Adaptability
"When spreads and volume shrink after a selling climax, how does a Wyckoff trader change tactics?","He stops initiating new shorts, observes the automatic rally and secondary test, and prepares to build long campaigns once a successful test of the climax low confirms that supply has been exhausted.",Adaptability
How does a Wyckoff trader adapt his expectations during a backup to the edge of a creek?,"He expects a normal reaction following a sign of strength, buys or holds near the backup if volume is moderate to low, and sets stops below key support in case the backup fails and re-enters the range.",Adaptability
"If a backup becomes too deep and violates prior support, how does a Wyckoff trader respond?","He acknowledges that the sign of strength may have been premature, exits longs that lose structural support, and waits for a new trading range or clearer phase analysis before re-entering.",Adaptability
How does a Wyckoff trader adapt in markets dominated by high-frequency trading?,"He focuses on swing and position trades rather than scalping, uses slightly wider structural stops, and relies on clear accumulation or distribution patterns that are less affected by microstructure noise.",Adaptability
"When a market changes from trending smoothly to frequent whipsaws, how does a Wyckoff trader react?","He reduces the use of breakout entries, shifts to trading nearer to support and resistance, and may sit out until a cleaner structure offers an edge consistent with Wyckoff principles.",Adaptability
How does a Wyckoff trader adapt his campaign when the general public becomes overly bullish?,"He becomes more cautious about initiating new longs, looks for classic distribution signs like upthrusts and buying climaxes, and positions himself to sell into euphoria rather than join it late.",Adaptability
"If sentiment is extremely bearish but charts show accumulation, how does a Wyckoff trader respond?","He trusts the tape over crowd opinion, quietly accumulates near support on springs and tests, and plans to distribute to the same fearful crowd when markup begins.",Adaptability
How does a Wyckoff trader adapt when liquidity is concentrated in index ETFs rather than individual names?,"He may shift some campaigns to the ETFs themselves, uses index structures for timing, and reduces exposure in illiquid single stocks that cannot be exited efficiently in stress conditions.",Adaptability
"When the character of rallies changes from wide, strong bars to narrow, overlapping bars, how does a Wyckoff trader react?","He interprets the change as potential loss of demand, takes profits on longs, and begins to monitor for an emerging distribution structure with upthrusts and signs of weakness.",Adaptability
How does a Wyckoff trader adapt if his core time frame becomes too noisy?,"He steps up to a higher time frame to regain clarity, uses the lower time frame only for entry refinement, and ensures that campaigns follow the direction of cause built on the higher chart.",Adaptability
"If tests after a spring start failing, how does a Wyckoff trader respond?","He recognizes that supply may still be present, exits or reduces longs on failed tests, and delays full commitment until a clean test with narrow spreads and low volume confirms that supply has finally dried up.",Adaptability
How does a Wyckoff trader adapt to regime shifts in interest rates or monetary policy?,"He observes how these shifts change structures across sectors, adjusts which groups he campaigns, and may favor accumulation in beneficiaries while treating vulnerable sectors as candidates for distribution and markdown.",Adaptability
"When a market that used to respect technical levels stops doing so, how does a Wyckoff trader react?","He accepts that the prior behavior has changed, avoids relying on old levels, and rebuilds his structural map from scratch based on current price and volume action.",Adaptability
How does a Wyckoff trader adapt after missing a major move he had anticipated?,"He resists chasing late, studies the structure to understand where execution failed, and waits for the next cause-building phase to join future moves with a better plan, instead of reacting emotionally.",Adaptability
"If his favorite setup becomes crowded and widely copied, how does a Wyckoff trader respond?","He notices the deterioration in riskâ€“reward as the pattern becomes obvious, becomes more selective, and may refine his criteria or seek less crowded structures that still respect Wyckoff principles.",Adaptability
How does a Wyckoff trader adapt to different volatility levels across instruments in his portfolio?,"He sizes positions according to volatility so that each campaign contributes balanced risk, giving smaller size to high-volatility names and larger size to calmer instruments with clear structures.",Adaptability
"When a market repeatedly ignores springs and upthrusts, how does a Wyckoff trader react?","He recognizes that current participants may be less responsive to classic traps, reduces reliance on aggressive spring or upthrust entries, and focuses more on confirmed signs of strength or weakness with tests.",Adaptability
How does a Wyckoff trader adapt his campaign as an accumulation range ages?,"He becomes more willing to build larger positions near last points of support, expects that markup is approaching once signs of strength appear, and prepares detailed exit and pyramid plans based on point-and-figure counts.",Adaptability
"If a distribution range persists longer than expected, how does a Wyckoff trader respond?","He stays patient, continues to sell rallies near resistance, protects profits on shorts, and avoids assuming an immediate breakdown until a decisive sign of weakness confirms that markdown is underway.",Adaptability
How does a Wyckoff trader adapt his risk management during times of extreme market stress?,"He cuts overall exposure, may hold more cash, trades only the clearest structures, and focuses on survival so that he can exploit future opportunities once conditions normalize.",Adaptability
"When spreads narrow and volume contracts after a strong sign of weakness, how does a Wyckoff trader change tactics?","He expects a potential rally back to resistance as supply takes a pause, may take partial profits on shorts, and prepares to re-enter or add to shorts near last points of supply if a weak rally develops.",Adaptability
How does a Wyckoff trader adapt when a campaign reaches both price and time targets?,"He respects his plan by taking most or all profits, avoids inventing new reasons to stay, and shifts focus to finding fresh accumulation or distribution structures rather than overstaying in an aging trend.",Adaptability
"If a marketâ€™s volatility collapses after a long trend, how does a Wyckoff trader respond?","He interprets the quiet as potential preparation for a new cause, lowers trade frequency, and studies whether the emerging range is likely to be re-accumulation or distribution based on prior context.",Adaptability
How does a Wyckoff trader adapt when his emotional state becomes too attached to a campaign?,"He notices the loss of objectivity, may reduce or close the position, reviews the structure as if it were a new chart, and recommits only if the campaign still aligns with clear Wyckoff logic.",Adaptability
"When markets move from normal to crisis correlations, how does a Wyckoff trader adjust?","He recognizes that diversification is less effective, cuts overall risk, and focuses on the few best structural opportunities instead of running many correlated campaigns.",Adaptability
How does a Wyckoff trader adapt after a series of successful trades?,"He guards against overconfidence, keeps position sizing rules unchanged, reviews whether successes came from following process rather than luck, and avoids relaxing structural and risk criteria.",Adaptability
"If a sign of strength fails and price falls back into the range, how does a Wyckoff trader react?","He treats the failure as a warning that accumulation may be incomplete, exits aggressive longs, and waits to see whether the range turns into re-accumulation or distribution before planning the next campaign.",Adaptability
How does a Wyckoff trader adapt in thinly traded pre-market or after-hours sessions?,"He usually avoids large transactions when liquidity is poor, does not over-interpret price movement on very low volume, and waits for regular-session volume to confirm any structural change.",Adaptability
"When multiple markets show synchronized selling climaxes, how does a Wyckoff trader respond?","He is alert to the possibility of a major turning point, reduces short exposure into the panics, and begins scanning for the best accumulation bases to launch new long campaigns once secondary tests confirm the lows.",Adaptability
How does a Wyckoff trader adapt his journaling during volatile periods?,"He increases the level of detail in recording emotions, structural reads, and execution decisions, using the journal to maintain discipline and to refine how he interprets Wyckoff signals under stress.",Adaptability
"If he notices that his usual patterns work better on a different time frame, how does a Wyckoff trader respond?","He experiments carefully with the new time frame, back-reviews structures and trades, and slowly transitions his main campaign planning to the horizon where Wyckoff setups show the most reliability.",Adaptability
How does a Wyckoff trader adapt when a market starts trending strongly without building clear ranges?,"He relies more on signs of strength and weakness in the trend itself, uses shallow reactions and minor consolidations as entry zones, and accepts that some campaigns will have less defined point-and-figure causes.",Adaptability
"When tests after a sign of strength keep making higher lows, how does a Wyckoff trader react?","He reads the higher lows as strengthening demand, becomes more confident in the uptrend, and may use each successful test as an opportunity to pyramid with controlled risk.",Adaptability
How does a Wyckoff trader adapt if he recognizes that his bias is fighting the structure?,"He pauses trading, re-analyzes the chart from a neutral perspective, may even flip the chart or hide labels to reduce bias, and only resumes trading once his view aligns with objective Wyckoff evidence.",Adaptability
"If volume analysis becomes confusing, how does a Wyckoff trader respond?","He simplifies by focusing first on basic price structureâ€”support, resistance, and trendsâ€”then reintroduces volume gradually, ensuring that each conclusion about effort versus result is grounded in clear observations.",Adaptability
How does a Wyckoff trader adapt to new instruments like cryptocurrencies or new futures contracts?,"He studies their unique volatility and trading hours, ensures that accumulation and distribution patterns still behave reliably, and may start with smaller size while learning how Wyckoff principles express in the new market.",Adaptability
"When market volatility makes intraday stops too vulnerable, how does a Wyckoff trader react?","He may move stops to end-of-day or structural levels, accepts that fewer but larger swings define his risk, and reduces position size so that wider stops remain compatible with his risk tolerance.",Adaptability
How does a Wyckoff trader adapt when the composite operator appears to change behavior?,"He notes shifts in how support and resistance respond, updates his assumptions about professional activity, and avoids assuming that past campaign tactics will keep working the same way without fresh confirmation.",Adaptability
"If he finds that his execution lags his structural read, how does a Wyckoff trader respond?","He works on pre-planning entries and exits, uses alerts near key Wyckoff levels, and may rely on limit and stop orders so that decisions are implemented promptly when the market reaches predefined zones.",Adaptability
How does a Wyckoff trader adapt his strategy as he moves from small to larger account sizes?,"He acknowledges that liquidity and slippage matter more, becomes more selective in instrument choice, scales into positions more gradually, and ensures that his larger footprints do not disturb the very structures he trades.",Adaptability
"When teaching others, how does a Wyckoff trader maintain adaptability in his own practice?","He uses studentsâ€?questions to re-examine his assumptions, remains open to new ways of applying Wyckoff ideas to modern markets, and treats teaching as feedback that helps him refine and adapt his personal trading methodology.",Adaptability